{
  "nMAE_%": 4.515710958101157,
  "nMAE_KPX_%": 6.836524670032699
}